{"name":"28c592f3-1f6a-4ae9-b10f-7cffdd58eb0b","id":"/providers/Microsoft.Flow/flows/28c592f3-1f6a-4ae9-b10f-7cffdd58eb0b","type":"Microsoft.Flow/flows","properties":{"apiId":"/providers/Microsoft.PowerApps/apis/shared_logicflows","displayName":"RR_Creator","definition":{"metadata":{"workflowEntityId":null,"processAdvisorMetadata":null,"flowChargedByPaygo":null,"flowclientsuspensionreason":"None","flowclientsuspensiontime":null,"flowclientsuspensionreasondetails":null,"creator":{"id":"d6ba5f86-ee81-4bf6-b7db-a88d55a90d3b","type":"User","tenantId":"67380c50-aa34-4912-8c2d-d8e4edf8bd2e"},"provisioningMethod":"FromDefinition","failureAlertSubscription":true,"clientLastModifiedTime":"2025-03-20T11:24:16.5614202Z","connectionKeySavedTimeKey":"2025-03-20T11:24:16.5614202Z","creationSource":null,"modifiedSources":"Portal"},"$schema":"https://schema.management.azure.com/providers/Microsoft.Logic/schemas/2016-06-01/workflowdefinition.json#","contentVersion":"1.0.0.0","parameters":{"$authentication":{"defaultValue":{},"type":"SecureObject"},"$connections":{"defaultValue":{},"type":"Object"}},"triggers":{"When_an_item_is_created_or_modified":{"recurrence":{"frequency":"Minute","interval":5},"splitOn":"@triggerOutputs()?['body/value']","metadata":{"operationMetadataId":"d6102382-30c3-4c76-927b-366742511bea"},"type":"OpenApiConnection","inputs":{"parameters":{"dataset":"https://contoso.sharepoint.com/sites/ExampleSite","table":"6b8cd2fa-928d-4e28-8d15-1bb9282c5b69"},"host":{"apiId":"/providers/Microsoft.PowerApps/apis/shared_sharepointonline","connectionName":"shared_sharepointonline","operationId":"GetOnUpdatedItems"},"authentication":"@parameters('$authentication')"},"conditions":[{"expression":"@equals(triggerOutputs()?['body/Startflow'],true)"},{"expression":"@equals(triggerOutputs()?['body/Status/Value'],'Creator')"}]}},"actions":{"Update_item":{"runAfter":{},"metadata":{"operationMetadataId":"10e8f295-a68f-444b-ac4f-14d198b78a2b"},"type":"OpenApiConnection","inputs":{"parameters":{"dataset":"https://contoso.sharepoint.com/sites/ExampleSite","table":"6b8cd2fa-928d-4e28-8d15-1bb9282c5b69","id":"@triggerOutputs()?['body/ID']","item/Stanowisko":"@triggerOutputs()?['body/Stanowisko']","item/Miejsce_wykonywania_pracy":"@triggerOutputs()?['body/Miejsce_wykonywania_pracy']","item/Powod_otworzenia_wakatu":"@triggerOutputs()?['body/Powod_otworzenia_wakatu']","item/Wysokosc_wynagrodzenia_brutto":"@triggerOutputs()?['body/Wysokosc_wynagrodzenia_brutto']","item/Kod_zespolu":"@triggerOutputs()?['body/Kod_zespolu']","item/Kod_projektu":"@triggerOutputs()?['body/Kod_projektu']","item/Zrodlo_finansowania":"@triggerOutputs()?['body/Zrodlo_finansowania']","item/Status/Value":"Creator","item/Startflow":false},"host":{"apiId":"/providers/Microsoft.PowerApps/apis/shared_sharepointonline","connectionName":"shared_sharepointonline","operationId":"PatchItem"},"authentication":"@parameters('$authentication')"}},"Start_and_wait_for_an_approval":{"runAfter":{"Update_item":["Succeeded"]},"metadata":{"operationMetadataId":"bb364ed1-2897-490b-a936-48be70662ed6"},"type":"OpenApiConnectionWebhook","inputs":{"parameters":{"approvalType":"Basic","WebhookApprovalCreationInput/title":"Wniosek odrzucony - wymagana poprawa","WebhookApprovalCreationInput/assignedTo":"@{outputs('Update_item')?['body/Author/Email']};","WebhookApprovalCreationInput/details":"Twój wniosek został odrzucony, oto komentarz odrzucający:\n\n@{triggerOutputs()?['body/Komentarz']}\n\nZatwierdzając ten approval wniosek zostanie wysłany do ponownej weryfikacji finansowej. \n\nOdrzucenie approvala skutkuje zamknięciem wniosku\n\nPrzejdź do edycji wniosku z linku poniżej, następnie popraw wniosek oraz wciśnij przycisk save, po poprawym komunikacie o zapisaniu wniosku wróć tutaj i zatwierdź ten approval","WebhookApprovalCreationInput/itemLink":"https://apps.powerapps.com/play/your-app-id","WebhookApprovalCreationInput/enableNotifications":true,"WebhookApprovalCreationInput/enableReassignment":true},"host":{"apiId":"/providers/Microsoft.PowerApps/apis/shared_approvals","connectionName":"shared_approvals","operationId":"StartAndWaitForAnApproval"},"authentication":"@parameters('$authentication')"}},"Condition":{"actions":{"Get_item":{"metadata":{"operationMetadataId":"82d136ba-30dc-46e5-b198-6ad4901eb619"},"type":"OpenApiConnection","inputs":{"parameters":{"dataset":"https://contoso.sharepoint.com/sites/ExampleSite","table":"6b8cd2fa-928d-4e28-8d15-1bb9282c5b69","id":"@triggerOutputs()?['body/ID']"},"host":{"apiId":"/providers/Microsoft.PowerApps/apis/shared_sharepointonline","connectionName":"shared_sharepointonline","operationId":"GetItem"},"authentication":"@parameters('$authentication')"}},"Delay":{"runAfter":{"Get_item":["Succeeded"]},"metadata":{"operationMetadataId":"fec5e690-c47f-4194-8d72-463902493300"},"type":"Wait","inputs":{"interval":{"count":1,"unit":"Minute"}}},"Update_item_3":{"runAfter":{"Delay":["Succeeded"]},"metadata":{"operationMetadataId":"87e813e6-95d5-4328-9544-a5c1cb0aefe0"},"type":"OpenApiConnection","inputs":{"parameters":{"dataset":"https://contoso.sharepoint.com/sites/ExampleSite","table":"6b8cd2fa-928d-4e28-8d15-1bb9282c5b69","id":"@outputs('Get_item')?['body/ID']","item/Stanowisko":"@outputs('Get_item')?['body/Stanowisko']","item/Miejsce_wykonywania_pracy":"@outputs('Get_item')?['body/Miejsce_wykonywania_pracy']","item/Powod_otworzenia_wakatu":"@outputs('Get_item')?['body/Powod_otworzenia_wakatu']","item/Wysokosc_wynagrodzenia_brutto":"@outputs('Update_item')?['body/Wysokosc_wynagrodzenia_brutto']","item/Kod_zespolu":"@outputs('Get_item')?['body/Kod_zespolu']","item/Kod_projektu":"@outputs('Get_item')?['body/Kod_projektu']","item/Zrodlo_finansowania":"@outputs('Get_item')?['body/Zrodlo_finansowania']","item/Status/Value":"New","item/Startflow":true},"host":{"apiId":"/providers/Microsoft.PowerApps/apis/shared_sharepointonline","connectionName":"shared_sharepointonline","operationId":"PatchItem"},"authentication":"@parameters('$authentication')"}}},"runAfter":{"Start_and_wait_for_an_approval":["Succeeded"]},"else":{"actions":{"Update_item_2":{"metadata":{"operationMetadataId":"43b0959c-6d3f-4f4f-aad4-b69d4b68f5f7"},"type":"OpenApiConnection","inputs":{"parameters":{"dataset":"https://contoso.sharepoint.com/sites/ExampleSite","table":"6b8cd2fa-928d-4e28-8d15-1bb9282c5b69","id":"@triggerOutputs()?['body/ID']","item/Stanowisko":"@triggerOutputs()?['body/Stanowisko']","item/Miejsce_wykonywania_pracy":"@triggerOutputs()?['body/Miejsce_wykonywania_pracy']","item/Powod_otworzenia_wakatu":"@triggerOutputs()?['body/Powod_otworzenia_wakatu']","item/Wysokosc_wynagrodzenia_brutto":"@triggerOutputs()?['body/Wysokosc_wynagrodzenia_brutto']","item/Kod_zespolu":"@triggerOutputs()?['body/Kod_zespolu']","item/Kod_projektu":"@triggerOutputs()?['body/Kod_projektu']","item/Zrodlo_finansowania":"@triggerOutputs()?['body/Zrodlo_finansowania']","item/Status/Value":"Rejected","item/Startflow":false},"host":{"apiId":"/providers/Microsoft.PowerApps/apis/shared_sharepointonline","connectionName":"shared_sharepointonline","operationId":"PatchItem"},"authentication":"@parameters('$authentication')"}}}},"expression":{"equals":["@outputs('Start_and_wait_for_an_approval')?['body/outcome']","Approve"]},"metadata":{"operationMetadataId":"ca8dbb08-1785-48d6-be58-14573cfcd3a8"},"type":"If"},"Terminate":{"runAfter":{"Condition":["Succeeded"]},"metadata":{"operationMetadataId":"75204ec3-d14c-452d-87a7-207808072c03"},"type":"Terminate","inputs":{"runStatus":"Succeeded"}}}},"connectionReferences":{"shared_sharepointonline":{"connectionName":"9d83f36b82c74a45b115ab97ae784585","source":"Embedded","id":"/providers/Microsoft.PowerApps/apis/shared_sharepointonline","tier":"NotSpecified","apiName":"sharepointonline"},"shared_approvals":{"connectionName":"shared-approvals-e59aa2c9-1f6c-4caa-b4db-76c880121d89","source":"Embedded","id":"/providers/Microsoft.PowerApps/apis/shared_approvals","tier":"NotSpecified","apiName":"approvals"}},"flowFailureAlertSubscribed":false,"isManaged":false}}