{"name":"3d422d4a-a532-486d-855f-a1063b8105a8","id":"/providers/Microsoft.Flow/flows/3d422d4a-a532-486d-855f-a1063b8105a8","type":"Microsoft.Flow/flows","properties":{"apiId":"/providers/Microsoft.PowerApps/apis/shared_logicflows","displayName":"RR_HR","definition":{"metadata":{"workflowEntityId":null,"processAdvisorMetadata":null,"flowChargedByPaygo":null,"flowclientsuspensionreason":"None","flowclientsuspensiontime":null,"flowclientsuspensionreasondetails":null,"creator":{"id":"d6ba5f86-ee81-4bf6-b7db-a88d55a90d3b","type":"User","tenantId":"67380c50-aa34-4912-8c2d-d8e4edf8bd2e"},"provisioningMethod":"FromDefinition","failureAlertSubscription":true,"clientLastModifiedTime":"2025-03-20T12:02:36.2600922Z","connectionKeySavedTimeKey":"2025-03-20T12:02:36.2600922Z","creationSource":null,"modifiedSources":"Portal"},"$schema":"https://schema.management.azure.com/providers/Microsoft.Logic/schemas/2016-06-01/workflowdefinition.json#","contentVersion":"1.0.0.0","parameters":{"$authentication":{"defaultValue":{},"type":"SecureObject"},"$connections":{"defaultValue":{},"type":"Object"}},"triggers":{"When_an_item_is_created_or_modified":{"recurrence":{"interval":5,"frequency":"Minute"},"splitOn":"@triggerOutputs()?['body/value']","metadata":{"operationMetadataId":"a19e0f4d-d3ae-4cf0-af9d-b23ec363b8c1"},"type":"OpenApiConnection","inputs":{"parameters":{"dataset":"https://contoso.sharepoint.com/sites/ExampleSite","table":"6b8cd2fa-928d-4e28-8d15-1bb9282c5b69"},"host":{"apiId":"/providers/Microsoft.PowerApps/apis/shared_sharepointonline","connectionName":"shared_sharepointonline","operationId":"GetOnUpdatedItems"},"authentication":"@parameters('$authentication')"},"conditions":[{"expression":"@equals(triggerOutputs()?['body/Status/Value'],'New')"},{"expression":"@equals(triggerOutputs()?['body/Startflow'],true)"}]}},"actions":{"set--startflow-false":{"runAfter":{},"metadata":{"operationMetadataId":"c71a6908-295c-4934-b911-59acb70eb2e7"},"type":"OpenApiConnection","inputs":{"parameters":{"dataset":"https://contoso.sharepoint.com/sites/ExampleSite","table":"6b8cd2fa-928d-4e28-8d15-1bb9282c5b69","id":"@triggerOutputs()?['body/ID']","item/Stanowisko":"@triggerOutputs()?['body/Stanowisko']","item/Miejsce_wykonywania_pracy":"@triggerOutputs()?['body/Miejsce_wykonywania_pracy']","item/Powod_otworzenia_wakatu":"@triggerOutputs()?['body/Powod_otworzenia_wakatu']","item/Wysokosc_wynagrodzenia_brutto":"@triggerOutputs()?['body/Wysokosc_wynagrodzenia_brutto']","item/Kod_zespolu":"@triggerOutputs()?['body/Kod_zespolu']","item/Kod_projektu":"@triggerOutputs()?['body/Kod_projektu']","item/Zrodlo_finansowania":"@triggerOutputs()?['body/Zrodlo_finansowania']","item/Status/Value":"New","item/Startflow":false},"host":{"apiId":"/providers/Microsoft.PowerApps/apis/shared_sharepointonline","connectionName":"shared_sharepointonline","operationId":"PatchItem"},"authentication":"@parameters('$authentication')"}},"init-time-financial":{"runAfter":{"set--startflow-false":["Succeeded"]},"metadata":{"operationMetadataId":"1bd70b5e-cd97-4411-849b-3db0d6f329ee"},"type":"InitializeVariable","inputs":{"variables":[{"name":"time_financial_1","type":"string"}]}},"init-time-director":{"runAfter":{"init-time-financial":["Succeeded"]},"metadata":{"operationMetadataId":"de824af7-9b0d-40fa-861d-3ac559516c4f"},"type":"InitializeVariable","inputs":{"variables":[{"name":"time_executive_1","type":"string"}]}},"init-time-financial-2":{"runAfter":{"init-time-director":["Succeeded"]},"metadata":{"operationMetadataId":"446da4e3-bd74-4793-bd6b-f856ebc9616c"},"type":"InitializeVariable","inputs":{"variables":[{"name":"time_financial_2","type":"string"}]}},"init-time-cd":{"runAfter":{"init-time-financial-2":["Succeeded"]},"metadata":{"operationMetadataId":"58568f68-8728-4c08-96e3-0db78f68ca3f"},"type":"InitializeVariable","inputs":{"variables":[{"name":"time_cd_2","type":"string"}]}},"init-time-director-2":{"runAfter":{"init-time-cd":["Succeeded"]},"metadata":{"operationMetadataId":"9ef6b128-a955-4970-92bc-bb188fe143c1"},"type":"InitializeVariable","inputs":{"variables":[{"name":"time_executive_2","type":"string"}]}},"init-director":{"runAfter":{"init-financial":["Succeeded"]},"metadata":{"operationMetadataId":"2f658987-1bb3-443b-ae06-f86e9961cf04"},"type":"InitializeVariable","inputs":{"variables":[{"name":"executive_director","type":"string"}]}},"init-comment-1":{"runAfter":{"set--startflow-false":["Succeeded"]},"metadata":{"operationMetadataId":"3d3a9ea2-f3b5-4bb4-bf5e-ef5afcfbfd5e"},"type":"InitializeVariable","inputs":{"variables":[{"name":"Comment 1","type":"string"}]}},"init-comment-2":{"runAfter":{"init-comment-1":["Succeeded"]},"metadata":{"operationMetadataId":"3d3a9ea2-f3b5-4bb4-bf5e-ef5afcfbfd5e"},"type":"InitializeVariable","inputs":{"variables":[{"name":"Comment_2_1","type":"string"}]}},"init-comment-3":{"runAfter":{"init-comment-2":["Succeeded"]},"metadata":{"operationMetadataId":"3d3a9ea2-f3b5-4bb4-bf5e-ef5afcfbfd5e"},"type":"InitializeVariable","inputs":{"variables":[{"name":"Comment_2_2","type":"string"}]}},"init-comment-4":{"runAfter":{"init-comment-3":["Succeeded"]},"metadata":{"operationMetadataId":"3d3a9ea2-f3b5-4bb4-bf5e-ef5afcfbfd5e"},"type":"InitializeVariable","inputs":{"variables":[{"name":"Comment_2_3","type":"string"}]}},"init-comment-5":{"runAfter":{"init-comment-4":["Succeeded"]},"metadata":{"operationMetadataId":"d3215c46-9823-4614-852e-a885f52cbe39"},"type":"InitializeVariable","inputs":{"variables":[{"name":"Comment 2","type":"string"}]}},"init-approval-1":{"runAfter":{"set--startflow-false":["Succeeded"]},"metadata":{"operationMetadataId":"090639cf-46b9-44f7-a3a8-b244c834a83d"},"type":"InitializeVariable","inputs":{"variables":[{"name":"approval1","type":"string"}]}},"init-approval-2":{"runAfter":{"init-approval-1":["Succeeded"]},"metadata":{"operationMetadataId":"3abf1dea-6722-4d78-8148-8409ca954a44"},"type":"InitializeVariable","inputs":{"variables":[{"name":"approval2","type":"string"}]}},"init-approval-3":{"runAfter":{"init-approval-2":["Succeeded"]},"metadata":{"operationMetadataId":"3dc28506-49ba-4f43-a9ac-d02ca54c95fc"},"type":"InitializeVariable","inputs":{"variables":[{"name":"approval3","type":"string"}]}},"init-manager":{"runAfter":{"set--startflow-false":["Succeeded"]},"metadata":{"operationMetadataId":"36f3ec5d-0175-480a-bdfc-a8e840079ec4"},"type":"InitializeVariable","inputs":{"variables":[{"name":"manger","type":"string"}]}},"init-financial":{"runAfter":{"init-manager":["Succeeded"]},"metadata":{"operationMetadataId":"3a2f3195-2767-4360-8738-d7c3b1f80313"},"type":"InitializeVariable","inputs":{"variables":[{"name":"CFO","type":"string"}]}},"HQ":{"actions":{"start--approval-financial":{"runAfter":{"set--status-financial":["Succeeded"]},"metadata":{"operationMetadataId":"d074e276-fc41-4684-a844-783c88e60455"},"type":"OpenApiConnectionWebhook","inputs":{"parameters":{"approvalType":"Basic","WebhookApprovalCreationInput/title":"Wniosek o Rekrutacje / Recruitment Request - Financial Approval","WebhookApprovalCreationInput/assignedTo":"@{triggerOutputs()?['body/Financial_Approval/Value']};","WebhookApprovalCreationInput/details":"Proszę o rozpatrzenie wniosku o rekrutacje pod kątem finansowym / Please find recruitment request for financial review and  approval:\n\nWnioskujący / Requester: @{triggerBody()?['Author']?['Email']}\n\nLokalizacja / Location: @{triggerOutputs()?['body/Lokalizacja_x002f_Location/Value']}\nStanowisko / Position: @{triggerOutputs()?['body/Stanowisko']}\nPraca z osobami niepełnoletnimi / Working with minors: @{body('set--status-financial')?['dziecko_2']?['Value']}\nMiejsce wykonywania pracy / Place of work: @{triggerOutputs()?['body/Miejsce_wykonywania_pracy']}\nRodzaj umowy / Type of contract: @{triggerOutputs()?['body/Rodzaj_umowy/Value']}\nPlanowana data zatrudnienia / Starting date: @{triggerOutputs()?['body/Planowana_data_zatrudnienia']}\nWymiar Etatu / Working time: @{triggerOutputs()?['body/Wymiar_etatu/Value']}\nPowód otworzenia wakatu  / Reason for vacancy: @{triggerOutputs()?['body/Powod_otworzenia_wakatu']}\nWysokość wynagrodzenia / Salary:  @{triggerOutputs()?['body/Wysokosc_wynagrodzenia_brutto']} @{triggerOutputs()?['body/Waluta_x002f_Currency/Value']}Stawka / Rate:</b> @{outputs('set--status-financial')?['body/Stawka_Rate_x003a__x0020_Stawka/Value']}\nKod zespołu / Team code: @{triggerOutputs()?['body/Kod_zespolu']}\nKod projektu / Project code: @{triggerOutputs()?['body/Kod_projektu']}\nŹródło finansowania / Soruce of funding: @{triggerOutputs()?['body/Zrodlo_finansowania']}\n\n\n","WebhookApprovalCreationInput/itemLink":"your_powerapps_link_here_to_app","WebhookApprovalCreationInput/enableNotifications":true,"WebhookApprovalCreationInput/enableReassignment":true},"host":{"apiId":"/providers/Microsoft.PowerApps/apis/shared_approvals","connectionName":"shared_approvals","operationId":"StartAndWaitForAnApproval"},"authentication":"@parameters('$authentication')"}},"approved-fin":{"actions":{"approved-dir":{"actions":{"Send_an_email_(V2)":{"runAfter":{"Delete_file":["Succeeded"]},"metadata":{"operationMetadataId":"66561f30-ad0e-4e83-82fd-33f6535c93b7"},"type":"OpenApiConnection","inputs":{"parameters":{"emailMessage/To":"example@com.pl","emailMessage/Subject":"Wniosek o rekrutacje złożony przez @{triggerOutputs()?['body/Author/Email']}  został zatwierdzony ","emailMessage/Body":"<p class=\"editor-paragraph\"><b><strong class=\"editor-text-bold\">Wniosek o rekrutacje został zatwierdzony finansowo przez:</strong></b><br>@{variables('approval1')}<br>@{outputs('start--approval-financial')?['body/outcome']}</p><p class=\"editor-paragraph\">Akceptacja o: @{variables('time_financial_1')}<br>Komentarz finansowy / Financial comment: @{variables('Comment 2')}<br><br><b><strong class=\"editor-text-bold\">Wniosek o rekrutacje został zatwierdzony przez dyrektora zarządzającego:</strong></b><br>@{variables('approval2')}<br>@{outputs('start--approval-director')?['body/outcome']}</p><p class=\"editor-paragraph\">Akceptacja o: @{variables('time_executive_1')}<br>Komentarz Executive Director / Executive Director Comment : @{variables('Comment 1')}<br><br><br><b><strong class=\"editor-text-bold\">Szczegółowy opis wniosku:</strong></b>/<b><strong class=\"editor-text-bold\">Detailed description of the request:</strong></b><br>Lokalizacja / Location: @{triggerOutputs()?['body/Lokalizacja_x002f_Location/Value']}<br>Stanowisko / Position: @{triggerOutputs()?['body/Stanowisko']}</p><p class=\"editor-paragraph\">Praca z osobami niepełnoletnimi / Working with minors: @{triggerBody()?['dziecko_2']?['Value']}<br>Miejsce wykonywania pracy / Place of work: @{triggerOutputs()?['body/Miejsce_wykonywania_pracy']}<br>Rodzaj umowy / Type of contract: @{triggerOutputs()?['body/Rodzaj_umowy/Value']}<br>Planowana data zatrudnienia / Starting date: @{triggerOutputs()?['body/Planowana_data_zatrudnienia']}<br>Wymiar etatu / Working time:@{triggerOutputs()?['body/Wymiar_etatu/Value']}<br>Powód otworzenia wakatu / Reason for vacancy: @{triggerOutputs()?['body/Powod_otworzenia_wakatu']}<br>Wysokość wynagrodzenia / Salary : @{triggerOutputs()?['body/Wysokosc_wynagrodzenia_brutto']}<br>Stawka / Rate: @{triggerOutputs()?['body/Stawka_Rate_x003a__x0020_Stawka/Value']}<br>Kod zespołu / Team code: @{triggerOutputs()?['body/Kod_zespolu']}<br>Kod projektu / Project code: @{triggerOutputs()?['body/Kod_projektu']}<br>Źródło finansowania / Source of funding: @{triggerOutputs()?['body/Zrodlo_finansowania']}<br><br>Link do elementu: <a href=\"@{triggerOutputs()?['body/{Link}']}\" class=\"editor-link\">Link do sharepointa</a><br>Pobierz wniosek: <a href=\"@{outputs('Add_attachment')?['body/AbsoluteUri']}\" class=\"editor-link\">Kliknij tutaj</a><br>Link do aplikacji: <a href=\"https://apps.powerapps.com/play/your-app-id" class=\"editor-link\">Aplikacja PowerApps</a></p><br>","emailMessage/Importance":"Normal"},"host":{"apiId":"/providers/Microsoft.PowerApps/apis/shared_office365","connectionName":"shared_office365","operationId":"SendEmailV2"},"authentication":"@parameters('$authentication')"}},"set--comment-dir":{"foreach":"@outputs('start--approval-director')?['body/responses']","actions":{"set-comment-d":{"metadata":{"operationMetadataId":"afbac2f6-b9a9-470a-a1de-bfbc7397e163"},"type":"SetVariable","inputs":{"name":"Comment 1","value":"@items('set--comment-dir')?['comments']"}}},"metadata":{"operationMetadataId":"fe2c9038-85ea-43a1-993a-fb5acb5e0b4d"},"type":"Foreach"},"set--comment-fin-ref":{"foreach":"@outputs('start--approval-financial')?['body/responses']","actions":{"ref--comment":{"metadata":{"operationMetadataId":"f41725bf-c567-4ace-9be9-08f066717672"},"type":"SetVariable","inputs":{"name":"Comment 2","value":"@items('set--comment-fin-ref')?['comments']"}}},"runAfter":{"set--comment-dir":["Succeeded"]},"metadata":{"operationMetadataId":"428ef9d0-1367-47bf-8e6f-f479749ebcc2"},"type":"Foreach"},"set--status-approved":{"runAfter":{"get-wnioski-2":["Succeeded"]},"metadata":{"operationMetadataId":"fa04be55-cda4-4611-a4a0-63c58aa9b021"},"type":"OpenApiConnection","inputs":{"parameters":{"dataset":"https://contoso.sharepoint.com/sites/ExampleSite","table":"6b8cd2fa-928d-4e28-8d15-1bb9282c5b69","id":"@body('get-wnioski-2')?['ID']","item/Stanowisko":"@body('get-wnioski-2')?['Stanowisko']","item/Miejsce_wykonywania_pracy":"@body('get-wnioski-2')?['Miejsce_wykonywania_pracy']","item/Powod_otworzenia_wakatu":"@body('get-wnioski-2')?['Powod_otworzenia_wakatu']","item/Wysokosc_wynagrodzenia_brutto":"@body('get-wnioski-2')?['Wysokosc_wynagrodzenia_brutto']","item/Kod_zespolu":"@body('get-wnioski-2')?['Kod_zespolu']","item/Kod_projektu":"@body('get-wnioski-2')?['Kod_projektu']","item/Zrodlo_finansowania":"@body('get-wnioski-2')?['Zrodlo_finansowania']","item/Status/Value":"Approved"},"host":{"apiId":"/providers/Microsoft.PowerApps/apis/shared_sharepointonline","connectionName":"shared_sharepointonline","operationId":"PatchItem"},"authentication":"@parameters('$authentication')"}},"Terminate":{"runAfter":{"Send_an_email_(V2)":["Succeeded"]},"metadata":{"operationMetadataId":"ba821d63-ab00-46cf-9b1a-21cb8b4980be"},"type":"Terminate","inputs":{"runStatus":"Succeeded"}},"Delay":{"runAfter":{"Create_file":["Succeeded"]},"metadata":{"operationMetadataId":"d4eb9422-53b0-40b3-af98-49a293a5dff7"},"type":"Wait","inputs":{"interval":{"count":20,"unit":"Second"}}},"Convert_file":{"runAfter":{"Convert_time_zone":["Succeeded"]},"metadata":{"operationMetadataId":"32efd41f-d4cb-4e18-8e01-70e7deefc322"},"type":"OpenApiConnection","inputs":{"parameters":{"id":"@outputs('Create_file')?['body/Id']","type":"PDF"},"host":{"apiId":"/providers/Microsoft.PowerApps/apis/shared_onedriveforbusiness","connectionName":"shared_onedriveforbusiness","operationId":"ConvertFile"},"authentication":"@parameters('$authentication')"}},"Add_attachment":{"runAfter":{"Create_item":["Succeeded"]},"metadata":{"operationMetadataId":"b08aa1b4-5a5e-41b3-a859-e1bf0e581f8b"},"type":"OpenApiConnection","inputs":{"parameters":{"dataset":"https://contoso.sharepoint.com/sites/ExampleSite","table":"fb2765d8-2dae-40f7-b317-315d921e94f7","itemId":"@outputs('Create_item')?['body/ID']","displayName":"Wniosek_@{utcNow()}.pdf","body":"@body('Convert_file')"},"host":{"apiId":"/providers/Microsoft.PowerApps/apis/shared_sharepointonline","connectionName":"shared_sharepointonline","operationId":"CreateAttachment"},"authentication":"@parameters('$authentication')"}},"Create_item":{"runAfter":{"Convert_file":["Succeeded"]},"metadata":{"operationMetadataId":"2ded1a6e-975a-461b-aacb-123aee612bae"},"type":"OpenApiConnection","inputs":{"parameters":{"dataset":"https://contoso.sharepoint.com/sites/ExampleSite","table":"fb2765d8-2dae-40f7-b317-315d921e94f7","item/Title":"@body('Convert_time_zone')"},"host":{"apiId":"/providers/Microsoft.PowerApps/apis/shared_sharepointonline","connectionName":"shared_sharepointonline","operationId":"PostItem"},"authentication":"@parameters('$authentication')"}},"Delete_file":{"runAfter":{"Add_attachment":["Succeeded"]},"metadata":{"operationMetadataId":"0ab9fab3-796d-4ff7-bed6-fccdf47d26e8"},"type":"OpenApiConnection","inputs":{"parameters":{"id":"@outputs('Create_file')?['body/Id']"},"host":{"apiId":"/providers/Microsoft.PowerApps/apis/shared_onedriveforbusiness","connectionName":"shared_onedriveforbusiness","operationId":"DeleteFile"},"authentication":"@parameters('$authentication')"}},"set--responses-approval-1":{"foreach":"@outputs('start--approval-financial')?['body/responses']","actions":{"set-approval-1":{"metadata":{"operationMetadataId":"30d5c678-dab0-437e-867b-7f9b0099f7d6"},"type":"SetVariable","inputs":{"name":"approval1","value":"@{items('set--responses-approval-1')?['responder/email']}\n"}}},"runAfter":{"set--status-approved":["Succeeded"]},"metadata":{"operationMetadataId":"97d819e6-f9cc-4b5e-98b9-8572d0c0e0e8"},"type":"Foreach"},"set--responses-approval-2":{"foreach":"@outputs('start--approval-director')?['body/responses']","actions":{"set-approval-2":{"metadata":{"operationMetadataId":"0d08fc4e-d8e5-4c8b-83fb-72c2830a2f28"},"type":"SetVariable","inputs":{"name":"approval2","value":"@{items('set--responses-approval-2')?['responder/email']}\n"}}},"runAfter":{"set--responses-approval-1":["Succeeded"]},"metadata":{"operationMetadataId":"7bd1f9ea-cc5e-4672-97d3-70c0a770224e"},"type":"Foreach"},"Convert_time_zone":{"runAfter":{"Delay":["Succeeded"]},"metadata":{"operationMetadataId":"0da37680-2de3-4ff7-a9f6-94c6210ea0d9"},"type":"Expression","kind":"ConvertTimeZone","inputs":{"baseTime":"@{utcNow()}","sourceTimeZone":"Arabic Standard Time","destinationTimeZone":"Central European Standard Time","formatString":"u"}},"Create_file":{"runAfter":{"set--responses-approval-2":["Succeeded"]},"metadata":{"operationMetadataId":"8fa3ba36-0f46-4844-9497-d08406632530"},"type":"OpenApiConnection","inputs":{"parameters":{"folderPath":"/","name":"Wniosek_Rekrutacyjny_@{utcNow()}.html","body":"<p>Wnioskujący / Requester:@{outputs('set--status-financial')?['body/Author/Email']}</p>\n<p><strong>Wniosek o rekrutacje został zatwierdzony finansowo przez  / Recruitment request approved  financially by:</strong><br>\n@{variables('approval1')}\n<br>\n@{outputs('start--approval-financial')?['body/outcome']}\n<br>\nZaakceptowano o: @{variables('time_financial_1')}\n<br>\nKomentarz finansowy / Financial comment:  @{variables('Comment 2')}\n<br>\n<br>\n<strong>Wniosek o rekrutacje został zatwierdzony przez Dyrektora Zarządzającego / Recruitment request approved by Executive Director:</strong\n<br>\n@{variables('approval2')}\n<br>\n@{outputs('start--approval-director')?['body/outcome']}\n<br>\nZaakceptowano o: @{variables('time_executive_1')}\n<br>\nKomentarz Executive Director / Executive Director Comment : @{variables('Comment 1')}<br>\n<br>\n<br>\n<strong>Szczegółowy opis wniosku</strong>/<strong>Detailed description of the request:</strong>\n<br>\nLokalizacja / Location: @{triggerOutputs()?['body/Lokalizacja_x002f_Location/Value']}<br>\nStanowisko / Position: @{triggerOutputs()?['body/Stanowisko']}<br>\nPraca z osobami niepełnoletnimi / Working with minors: @{triggerBody()?['dziecko_2']?['Value']}<br>\nMiejsce wykonywania pracy / Place of work: @{triggerOutputs()?['body/Miejsce_wykonywania_pracy']}<br>\nRodzaj umowy / Type of contract: @{triggerOutputs()?['body/Rodzaj_umowy/Value']}<br>\nPlanowana data zatrudnienia / Starting date: @{triggerOutputs()?['body/Planowana_data_zatrudnienia']}<br>\nWymiar etatu / Working time:@{triggerOutputs()?['body/Wymiar_etatu/Value']}<br>\nPowód otworzenia wakatu / Reason for vacancy: @{triggerOutputs()?['body/Powod_otworzenia_wakatu']}<br>\nWysokość wynagrodzenia / Salary : @{triggerOutputs()?['body/Wysokosc_wynagrodzenia_brutto']}<br>\nStawka / Rate: @{triggerOutputs()?['body/Stawka_Rate_x003a__x0020_Stawka/Value']}<br>\nKod zespołu / Team code: @{triggerOutputs()?['body/Kod_zespolu']}<br>\nKod projektu / Project code: @{triggerOutputs()?['body/Kod_projektu']}<br>\nŹródło finansowania / Source of funding: @{triggerOutputs()?['body/Zrodlo_finansowania']}<br>\n<br>\n"},"host":{"apiId":"/providers/Microsoft.PowerApps/apis/shared_onedriveforbusiness","connectionName":"shared_onedriveforbusiness","operationId":"CreateFile"},"authentication":"@parameters('$authentication')"},"runtimeConfiguration":{"contentTransfer":{"transferMode":"Chunked"}}},"get-wnioski-2":{"runAfter":{"set--comment-fin-ref":["Succeeded"]},"metadata":{"operationMetadataId":"c8c49be2-519f-4ca8-a925-8d6e1e0c9eab"},"type":"OpenApiConnection","inputs":{"parameters":{"dataset":"https://contoso.sharepoint.com/sites/ExampleSite","table":"6b8cd2fa-928d-4e28-8d15-1bb9282c5b69","id":"@triggerBody()?['ID']"},"host":{"apiId":"/providers/Microsoft.PowerApps/apis/shared_sharepointonline","connectionName":"shared_sharepointonline","operationId":"GetItem"},"authentication":"@parameters('$authentication')"}}},"runAfter":{"set--time-director":["Succeeded"]},"else":{"actions":{"Apply_to_each":{"foreach":"@outputs('start--approval-director')?['body/responses']","actions":{"Set_variable_6":{"metadata":{"operationMetadataId":"86b76a25-a86e-40e4-ad7d-927767e1e3cd"},"type":"SetVariable","inputs":{"name":"Comment 2","value":"@items('Apply_to_each')?['comments']"}}},"metadata":{"operationMetadataId":"c385018f-3a39-4897-b807-4929d2315f10"},"type":"Foreach"},"Update_item_7":{"runAfter":{"Get_item_2":["Succeeded"]},"metadata":{"operationMetadataId":"43d12ca4-03db-40a3-b670-fd465d92a992"},"type":"OpenApiConnection","inputs":{"parameters":{"dataset":"https://contoso.sharepoint.com/sites/ExampleSite","table":"6b8cd2fa-928d-4e28-8d15-1bb9282c5b69","id":"@body('Get_item_2')?['ID']","item/Stanowisko":"@body('Get_item_2')?['Stanowisko']","item/Miejsce_wykonywania_pracy":"@body('Get_item_2')?['Miejsce_wykonywania_pracy']","item/Powod_otworzenia_wakatu":"@body('Get_item_2')?['Powod_otworzenia_wakatu']","item/Wysokosc_wynagrodzenia_brutto":"@body('Get_item_2')?['Wysokosc_wynagrodzenia_brutto']","item/Kod_zespolu":"@body('Get_item_2')?['Kod_zespolu']","item/Kod_projektu":"@body('Get_item_2')?['Kod_projektu']","item/Zrodlo_finansowania":"@body('Get_item_2')?['Zrodlo_finansowania']","item/Komentarz":"@variables('Comment 2')","item/Status/Value":"Creator","item/Startflow":true},"host":{"apiId":"/providers/Microsoft.PowerApps/apis/shared_sharepointonline","connectionName":"shared_sharepointonline","operationId":"PatchItem"},"authentication":"@parameters('$authentication')"}},"Send_an_email_(V2)_3":{"runAfter":{"Update_item_7":["Succeeded"]},"metadata":{"operationMetadataId":"93f9431a-8382-469d-9955-2f6737a23bbf"},"type":"OpenApiConnection","inputs":{"parameters":{"emailMessage/To":"example@com.pl","emailMessage/Subject":"Wniosek o rekrutację: @{triggerBody()?['Title']} został odrzucony przez dyrektora zarządzającego","emailMessage/Body":"<p class=\"editor-paragraph\">Brak akceptacji dyrektorskiej:</p><br><p class=\"editor-paragraph\">Komentarz: @{variables('Comment 2')}</p><br><p class=\"editor-paragraph\">Wniosek powrócił na status: Creator</p><p class=\"editor-paragraph\">do @{triggerBody()?['Author']?['DisplayName']}</p>","emailMessage/Importance":"Normal"},"host":{"apiId":"/providers/Microsoft.PowerApps/apis/shared_office365","connectionName":"shared_office365","operationId":"SendEmailV2"},"authentication":"@parameters('$authentication')"}},"Terminate_4":{"runAfter":{"Send_an_email_(V2)_3":["Succeeded"]},"metadata":{"operationMetadataId":"825f7bc8-f20a-46b8-8a11-711b7b9be5f5"},"type":"Terminate","inputs":{"runStatus":"Cancelled"}},"Get_item_2":{"runAfter":{"Apply_to_each":["Succeeded"]},"metadata":{"operationMetadataId":"76ca561d-abf0-4bbf-aee4-66e5878ebe44"},"type":"OpenApiConnection","inputs":{"parameters":{"dataset":"https://contoso.sharepoint.com/sites/ExampleSite","table":"6b8cd2fa-928d-4e28-8d15-1bb9282c5b69","id":"@triggerBody()?['ID']"},"host":{"apiId":"/providers/Microsoft.PowerApps/apis/shared_sharepointonline","connectionName":"shared_sharepointonline","operationId":"GetItem"},"authentication":"@parameters('$authentication')"}}}},"expression":{"and":[{"equals":["@outputs('start--approval-director')?['body/outcome']","Approve"]}]},"metadata":{"operationMetadataId":"c0e4ffc4-ba3a-4885-9f77-76e130f445a9"},"type":"If"},"start--approval-director":{"runAfter":{"set--comment-financial":["Succeeded"]},"metadata":{"operationMetadataId":"9f2c0c81-bd54-405f-92b7-dd325e0fefaa"},"type":"OpenApiConnectionWebhook","inputs":{"parameters":{"approvalType":"Basic","WebhookApprovalCreationInput/title":"Wniosek o Rekrutacje / Recruitment Request - Executive Director Approval","WebhookApprovalCreationInput/assignedTo":"@{triggerOutputs()?['body/Director_Approval/Value']};","WebhookApprovalCreationInput/details":"Proszę o rozpatrzenie wniosku o rekrutacje / Please consider a recruitment application: \n\nWnioskujący / Requester: @{triggerBody()?['Author']?['Email']}\n\n\nLokalizacja / Location: @{triggerOutputs()?['body/Lokalizacja_x002f_Location/Value']}\nStanowisko / Position: @{triggerOutputs()?['body/Stanowisko']}\nPraca z osobami niepełnoletnimi / Working with minors: @{triggerBody()?['dziecko_2']?['Value']}\nMiejsce wykonywania pracy / Place of work: @{triggerOutputs()?['body/Miejsce_wykonywania_pracy']}\nRodzaj umowy / Typ of contract: @{triggerOutputs()?['body/Rodzaj_umowy/Value']}\nPlanowana data zatrudnienia / Starting date: @{triggerOutputs()?['body/Planowana_data_zatrudnienia']}\nWymiar etatu / Working time: @{triggerOutputs()?['body/Wymiar_etatu/Value']}\nPowód otworzenia wakatu / Reason for vacancy: @{triggerOutputs()?['body/Powod_otworzenia_wakatu']}\nWysokość wynagrodzenia / Salary:  @{triggerOutputs()?['body/Wysokosc_wynagrodzenia_brutto']} @{triggerOutputs()?['body/Waluta_x002f_Currency/Value']}\nStawka / Rate: @{outputs('set--status-director')?['body/Stawka_Rate_x003a__x0020_Stawka/Value']}\nKod zespołu / Team code: @{triggerOutputs()?['body/Kod_zespolu']}\nKod projektu / Project code: @{triggerOutputs()?['body/Kod_projektu']}\nŹródło finansowania / Source of funding: @{triggerOutputs()?['body/Zrodlo_finansowania']}\n\n\nWniosek o rekrutacje został zatwierdzony finansowo przez / Recruitment requet has been financially approved by: @{triggerBody()?['Financial_Approval']?['Value']}\nKomentarz Finansowy / Financial comment: @{variables('Comment 2')}","WebhookApprovalCreationInput/itemLink":"https://apps.powerapps.com/play/your-app-id","WebhookApprovalCreationInput/enableNotifications":true,"WebhookApprovalCreationInput/enableReassignment":true},"host":{"apiId":"/providers/Microsoft.PowerApps/apis/shared_approvals","connectionName":"shared_approvals","operationId":"StartAndWaitForAnApproval"},"authentication":"@parameters('$authentication')"}},"set--comment-financial":{"foreach":"@outputs('start--approval-financial')?['body/responses']","actions":{"set-comment-f":{"metadata":{"operationMetadataId":"d0b9d112-8978-4877-89cb-9c03f2b047dd"},"type":"SetVariable","inputs":{"name":"Comment 2","value":"@items('set--comment-financial')?['comments']"}}},"runAfter":{"set--status-director":["Succeeded"]},"metadata":{"operationMetadataId":"b957e97c-046d-49af-8000-96de3fd73e5e"},"type":"Foreach"},"get-wnioski":{"metadata":{"operationMetadataId":"370e87c0-3214-476c-8bc6-8524cd4028d8"},"type":"OpenApiConnection","inputs":{"parameters":{"dataset":"https://contoso.sharepoint.com/sites/ExampleSite","table":"6b8cd2fa-928d-4e28-8d15-1bb9282c5b69","id":"@triggerBody()?['ID']"},"host":{"apiId":"/providers/Microsoft.PowerApps/apis/shared_sharepointonline","connectionName":"shared_sharepointonline","operationId":"GetItem"},"authentication":"@parameters('$authentication')"}},"set--status-director":{"runAfter":{"get-wnioski":["Succeeded"]},"metadata":{"operationMetadataId":"3b47f1c8-7f47-40da-86f2-3eab4e0fa364"},"type":"OpenApiConnection","inputs":{"parameters":{"dataset":"https://contoso.sharepoint.com/sites/ExampleSite","table":"6b8cd2fa-928d-4e28-8d15-1bb9282c5b69","id":"@body('get-wnioski')?['ID']","item/Stanowisko":"@body('get-wnioski')?['Stanowisko']","item/Miejsce_wykonywania_pracy":"@body('get-wnioski')?['Miejsce_wykonywania_pracy']","item/Powod_otworzenia_wakatu":"@body('get-wnioski')?['Powod_otworzenia_wakatu']","item/Wysokosc_wynagrodzenia_brutto":"@body('get-wnioski')?['Wysokosc_wynagrodzenia_brutto']","item/Kod_zespolu":"@body('get-wnioski')?['Kod_zespolu']","item/Kod_projektu":"@body('get-wnioski')?['Kod_projektu']","item/Zrodlo_finansowania":"@body('get-wnioski')?['Zrodlo_finansowania']","item/Status/Value":"Waiting for Executive Director"},"host":{"apiId":"/providers/Microsoft.PowerApps/apis/shared_sharepointonline","connectionName":"shared_sharepointonline","operationId":"PatchItem"},"authentication":"@parameters('$authentication')"}},"set--time-director":{"runAfter":{"start--approval-director":["Succeeded"]},"metadata":{"operationMetadataId":"d9432e62-b0e7-4c44-b6a8-2fafc254c270"},"type":"SetVariable","inputs":{"name":"time_executive_1","value":"@formatDateTime(utcNow(), 'dd/MM/yyyy hh:mm tt')"}}},"runAfter":{"set--time-fiancial":["Succeeded"]},"else":{"actions":{"Get_comment_after_Rejected":{"foreach":"@outputs('start--approval-financial')?['body/responses']","actions":{"Set_variable_5":{"metadata":{"operationMetadataId":"260d3e0a-e768-4b52-9b53-617fa48b2d58"},"type":"SetVariable","inputs":{"name":"Comment 1","value":"@items('Get_comment_after_Rejected')?['comments']"}}},"metadata":{"operationMetadataId":"c3db2ebe-820f-4e91-a08f-a48b1e4f1a18"},"type":"Foreach"},"Terminate_2":{"runAfter":{"Send_an_email_(V2)_2":["Succeeded"]},"metadata":{"operationMetadataId":"19c15bb2-7bcb-4bfe-8168-ca4a9c9f9a69"},"type":"Terminate","inputs":{"runStatus":"Cancelled"}},"Update_item_4":{"runAfter":{"Get_item_3":["Succeeded"]},"metadata":{"operationMetadataId":"0fb73599-7c8f-4172-8d1d-9a5690825507"},"type":"OpenApiConnection","inputs":{"parameters":{"dataset":"https://contoso.sharepoint.com/sites/ExampleSite","table":"6b8cd2fa-928d-4e28-8d15-1bb9282c5b69","id":"@body('Get_item_3')?['ID']","item/Stanowisko":"@body('Get_item_3')?['Stanowisko']","item/Miejsce_wykonywania_pracy":"@body('Get_item_3')?['Miejsce_wykonywania_pracy']","item/Powod_otworzenia_wakatu":"@body('Get_item_3')?['Powod_otworzenia_wakatu']","item/Wysokosc_wynagrodzenia_brutto":"@body('Get_item_3')?['Wysokosc_wynagrodzenia_brutto']","item/Kod_zespolu":"@body('Get_item_3')?['Kod_zespolu']","item/Kod_projektu":"@body('Get_item_3')?['Kod_projektu']","item/Zrodlo_finansowania":"@body('Get_item_3')?['Zrodlo_finansowania']","item/Komentarz":"@variables('Comment 1')","item/Status/Value":"Creator","item/Startflow":true},"host":{"apiId":"/providers/Microsoft.PowerApps/apis/shared_sharepointonline","connectionName":"shared_sharepointonline","operationId":"PatchItem"},"authentication":"@parameters('$authentication')"}},"Send_an_email_(V2)_2":{"runAfter":{"Update_item_4":["Succeeded"]},"metadata":{"operationMetadataId":"49d5c0b2-4971-44c2-b834-05300f1cf083"},"type":"OpenApiConnection","inputs":{"parameters":{"emailMessage/To":"@triggerBody()?['Author']?['Email']","emailMessage/Subject":"Brak akceptacji finansowej","emailMessage/Body":"<p>Oto komentarz odrzucający: @{variables('Comment 1')}</p>","emailMessage/Importance":"Normal"},"host":{"apiId":"/providers/Microsoft.PowerApps/apis/shared_office365","connectionName":"shared_office365","operationId":"SendEmailV2"},"authentication":"@parameters('$authentication')"}},"Get_item_3":{"runAfter":{"Get_comment_after_Rejected":["Succeeded"]},"metadata":{"operationMetadataId":"72cc651a-6419-41ef-b7e8-041205b476e1"},"type":"OpenApiConnection","inputs":{"parameters":{"dataset":"https://contoso.sharepoint.com/sites/ExampleSite","table":"6b8cd2fa-928d-4e28-8d15-1bb9282c5b69","id":"@triggerBody()?['ID']"},"host":{"apiId":"/providers/Microsoft.PowerApps/apis/shared_sharepointonline","connectionName":"shared_sharepointonline","operationId":"GetItem"},"authentication":"@parameters('$authentication')"}}}},"expression":{"and":[{"equals":["@outputs('start--approval-financial')?['body/outcome']","Approve"]}]},"metadata":{"operationMetadataId":"f95d749d-a36e-4adc-80ef-8b69fbb499c2"},"type":"If"},"set--status-financial":{"metadata":{"operationMetadataId":"c74d0f6d-de9d-4398-8772-d65dae84b8d6"},"type":"OpenApiConnection","inputs":{"parameters":{"dataset":"https://contoso.sharepoint.com/sites/ExampleSite","table":"6b8cd2fa-928d-4e28-8d15-1bb9282c5b69","id":"@triggerOutputs()?['body/ID']","item/Stanowisko":"@triggerOutputs()?['body/Stanowisko']","item/Miejsce_wykonywania_pracy":"@triggerOutputs()?['body/Miejsce_wykonywania_pracy']","item/Powod_otworzenia_wakatu":"@triggerOutputs()?['body/Powod_otworzenia_wakatu']","item/Wysokosc_wynagrodzenia_brutto":"@triggerOutputs()?['body/Wysokosc_wynagrodzenia_brutto']","item/Kod_zespolu":"@triggerOutputs()?['body/Kod_zespolu']","item/Kod_projektu":"@triggerOutputs()?['body/Kod_projektu']","item/Zrodlo_finansowania":"@triggerOutputs()?['body/Zrodlo_finansowania']","item/Status/Value":"Waiting for Financial Approval"},"host":{"apiId":"/providers/Microsoft.PowerApps/apis/shared_sharepointonline","connectionName":"shared_sharepointonline","operationId":"PatchItem"},"authentication":"@parameters('$authentication')"}},"set--time-fiancial":{"runAfter":{"start--approval-financial":["Succeeded"]},"metadata":{"operationMetadataId":"287adc1e-74da-4e93-9784-8efe75746eb1"},"type":"SetVariable","inputs":{"name":"time_financial_1","value":"@formatDateTime(utcNow(), 'dd/MM/yyyy hh:mm tt')"}}},"runAfter":{"init-approval-3":["Succeeded"],"init-director":["Succeeded"],"init-time-director-2":["Succeeded"],"init-comment-5":["Succeeded"]},"else":{"actions":{"Update_item_copy":{"metadata":{"operationMetadataId":"c74d0f6d-de9d-4398-8772-d65dae84b8d6"},"type":"OpenApiConnection","inputs":{"parameters":{"dataset":"https://contoso.sharepoint.com/sites/ExampleSite","table":"6b8cd2fa-928d-4e28-8d15-1bb9282c5b69","id":"@triggerOutputs()?['body/ID']","item/Stanowisko":"@triggerOutputs()?['body/Stanowisko']","item/Miejsce_wykonywania_pracy":"@triggerOutputs()?['body/Miejsce_wykonywania_pracy']","item/Powod_otworzenia_wakatu":"@triggerOutputs()?['body/Powod_otworzenia_wakatu']","item/Wysokosc_wynagrodzenia_brutto":"@triggerOutputs()?['body/Wysokosc_wynagrodzenia_brutto']","item/Kod_zespolu":"@triggerOutputs()?['body/Kod_zespolu']","item/Kod_projektu":"@triggerOutputs()?['body/Kod_projektu']","item/Zrodlo_finansowania":"@triggerOutputs()?['body/Zrodlo_finansowania']","item/Status/Value":"Waiting for Financial Approval"},"host":{"apiId":"/providers/Microsoft.PowerApps/apis/shared_sharepointonline","connectionName":"shared_sharepointonline","operationId":"PatchItem"},"authentication":"@parameters('$authentication')"}},"Condition_1":{"actions":{"Start_and_wait_for_an_approval_4":{"runAfter":{"Update_item_1":["Succeeded"]},"metadata":{"operationMetadataId":"7fafd6d8-d0c9-4cba-8313-707bd454eebb"},"type":"OpenApiConnectionWebhook","inputs":{"parameters":{"approvalType":"Basic","WebhookApprovalCreationInput/title":"Wniosek o Rekrutacje / Recruitment Request - Country Director Approval","WebhookApprovalCreationInput/assignedTo":"@triggerBody()?['Country_Director_lookup']?['Value']","WebhookApprovalCreationInput/details":"Proszę o rozpatrzenie wniosku o rekrutacje / Please find recruitment request for f review and  approval:\n\nWnioskujący / Requester:  @{triggerBody()?['Author']?['Email']}\n\nLokalizacja / Location:  @{triggerBody()?['Lokalizacja_x002f_Location']?['Value']}\nStanowisko / Position:  @{triggerBody()?['Stanowisko']}\nPraca z osobami niepełnoletnimi / Working with minors:  @{triggerBody()?['dziecko_2']?['Value']}\nMiejsce wykonywania pracy / Place of work:  @{triggerBody()?['Miejsce_wykonywania_pracy']}\nRodzaj umowy / Type of contract:   @{triggerBody()?['Rodzaj_umowy']?['Value']}\nPlanowana data zatrudnienia / Starting date: @{triggerBody()?['Planowana_data_zatrudnienia']}\nWymiar Etatu / Working time:  @{triggerBody()?['Wymiar_etatu']?['Value']}\nPowód otworzenia wakatu  / Reason for vacancy:  @{triggerBody()?['Powod_otworzenia_wakatu']}\nWysokość wynagrodzenia / Salary:    @{triggerBody()?['Wysokosc_wynagrodzenia_brutto']} @{triggerBody()?['Waluta_x002f_Currency']?['Value']}\nStawka / Rate:</b>  @{triggerBody()?['Stawka_Rate_x003a__x0020_Stawka']?['Value']}\nKod zespołu / Team code:  @{triggerBody()?['Kod_zespolu']}\nKod projektu / Project code:  @{triggerBody()?['Kod_projektu']}\nŹródło finansowania / Soruce of funding:  @{triggerBody()?['Zrodlo_finansowania']}\n\n\nWniosek o rekrutacje został zatwierdzony finansowo przez / Recruitment requet has been financially approved by: @{triggerBody()?['Financial_Approval']?['Value']}\nKomentarz Finansowy / Financial comment: @{variables('Comment 2')}","WebhookApprovalCreationInput/itemLink":"https://apps.powerapps.com/play/your-app-id","WebhookApprovalCreationInput/enableNotifications":true,"WebhookApprovalCreationInput/enableReassignment":true},"host":{"apiId":"/providers/Microsoft.PowerApps/apis/shared_approvals","connectionName":"shared_approvals","operationId":"StartAndWaitForAnApproval"},"authentication":"@parameters('$authentication')"}},"Condition_6":{"actions":{"Condition_7":{"actions":{"Update_item_9":{"runAfter":{"Get_item_6":["Succeeded"]},"metadata":{"operationMetadataId":"c6c8ab19-5f4b-42f9-896a-d4b8bc1eef4b"},"type":"OpenApiConnection","inputs":{"parameters":{"dataset":"https://contoso.sharepoint.com/sites/ExampleSite","table":"6b8cd2fa-928d-4e28-8d15-1bb9282c5b69","id":"@body('Get_item_6')?['ID']","item/Stanowisko":"@body('Get_item_6')?['Stanowisko']","item/Miejsce_wykonywania_pracy":"@body('Get_item_6')?['Miejsce_wykonywania_pracy']","item/Powod_otworzenia_wakatu":"@body('Get_item_6')?['Powod_otworzenia_wakatu']","item/Wysokosc_wynagrodzenia_brutto":"@body('Get_item_6')?['Wysokosc_wynagrodzenia_brutto']","item/Kod_zespolu":"@body('Get_item_6')?['Kod_zespolu']","item/Kod_projektu":"@body('Get_item_6')?['Kod_projektu']","item/Zrodlo_finansowania":"@body('Get_item_6')?['Zrodlo_finansowania']","item/Status/Value":"Approved","item/Startflow":true},"host":{"apiId":"/providers/Microsoft.PowerApps/apis/shared_sharepointonline","connectionName":"shared_sharepointonline","operationId":"PatchItem"},"authentication":"@parameters('$authentication')"}},"Delay_copy":{"runAfter":{"Create_file_copy_copy_1":["Succeeded"]},"metadata":{"operationMetadataId":"d4eb9422-53b0-40b3-af98-49a293a5dff7"},"type":"Wait","inputs":{"interval":{"count":20,"unit":"Second"}}},"Convert_time_zone_copy":{"runAfter":{"Delay_copy":["Succeeded"]},"metadata":{"operationMetadataId":"0da37680-2de3-4ff7-a9f6-94c6210ea0d9"},"type":"Expression","kind":"ConvertTimeZone","inputs":{"baseTime":"@utcNow()","sourceTimeZone":"Arabic Standard Time","destinationTimeZone":"Central European Standard Time","formatString":"u"}},"Create_item_copy":{"runAfter":{"Convert_time_zone_copy":["Succeeded"]},"metadata":{"operationMetadataId":"2ded1a6e-975a-461b-aacb-123aee612bae"},"type":"OpenApiConnection","inputs":{"parameters":{"dataset":"https://contoso.sharepoint.com/sites/ExampleSite","table":"fb2765d8-2dae-40f7-b317-315d921e94f7","item/Title":"@body('Convert_time_zone_copy')"},"host":{"apiId":"/providers/Microsoft.PowerApps/apis/shared_sharepointonline","connectionName":"shared_sharepointonline","operationId":"PostItem"},"authentication":"@parameters('$authentication')"}},"Add_attachment_copy":{"runAfter":{"Create_item_copy":["Succeeded"]},"metadata":{"operationMetadataId":"b08aa1b4-5a5e-41b3-a859-e1bf0e581f8b"},"type":"OpenApiConnection","inputs":{"parameters":{"dataset":"https://contoso.sharepoint.com/sites/ExampleSite","table":"fb2765d8-2dae-40f7-b317-315d921e94f7","itemId":"@triggerBody()?['ID']","displayName":"Wniosek_@{utcNow()}.pdf","body":"@outputs('Create_file_copy_copy_1')?['body/Id']"},"host":{"apiId":"/providers/Microsoft.PowerApps/apis/shared_sharepointonline","connectionName":"shared_sharepointonline","operationId":"CreateAttachment"},"authentication":"@parameters('$authentication')"}},"Delete_file_copy":{"runAfter":{"Add_attachment_copy":["Succeeded"]},"metadata":{"operationMetadataId":"0ab9fab3-796d-4ff7-bed6-fccdf47d26e8"},"type":"OpenApiConnection","inputs":{"parameters":{"id":"@outputs('Create_file_copy_copy_1')?['body/Id']"},"host":{"apiId":"/providers/Microsoft.PowerApps/apis/shared_onedriveforbusiness","connectionName":"shared_onedriveforbusiness","operationId":"DeleteFile"},"authentication":"@parameters('$authentication')"}},"Send_an_email_(V2)_copy":{"runAfter":{"Delete_file_copy":["Succeeded"]},"metadata":{"operationMetadataId":"66561f30-ad0e-4e83-82fd-33f6535c93b7"},"type":"OpenApiConnection","inputs":{"parameters":{"emailMessage/To":"example@com.pl","emailMessage/Subject":"Wniosek o rekrutacje złożony przez @{triggerOutputs()?['body/Author/Email']}  został zatwierdzony ","emailMessage/Body":"<p class=\"editor-paragraph\">&lt;p&gt;Wnioskujący / Requester: @{triggerBody()?['Created']}&lt;/p&gt;<br>&lt;p&gt;&lt;strong&gt;Wniosek o rekrutacje został zatwierdzony finansowo przez / Recruitment request approved financially by:&lt;/strong&gt;&lt;br&gt;<br>&lt;br&gt;<br>@{body('Start_and_wait_for_an_approval_1')?['outcome']}<br>&lt;br&gt;</p><p class=\"editor-paragraph\">Zaakceptowano o: @{variables('time_financial_2')}</p><p class=\"editor-paragraph\">&lt;br&gt;<br>Komentarz finansowy / Financial comment: @{variables('Comment_2_1')}<br>&lt;br&gt;<br>&lt;strong&gt;Wniosek o rekrutacje został zatwierdzony przez Country Director / Recruitment request approved by Country Director&lt;/strong<br>&lt;br&gt;<br>@{body('Start_and_wait_for_an_approval_4')?['outcome']}<br>&lt;br&gt;</p><p class=\"editor-paragraph\">Zaakceptowano o: @{variables('time_cd_2')}</p><p class=\"editor-paragraph\">&lt;br&gt;</p><p class=\"editor-paragraph\">Komentarz Dyrektora Biura Krajowego / Country Director: @{variables('Comment_2_2')}<br>&lt;br&gt;<br>&lt;strong&gt;Wniosek o rekrutacje został zatwierdzony przez Dyrektora Zarządzającego / Recruitment request approved by Executive Director:&lt;/strong<br>&lt;br&gt;<br>&lt;br&gt;<br>@{body('Start_and_wait_for_an_approval_5')?['outcome']}<br>&lt;br&gt;</p><p class=\"editor-paragraph\">Zaakceptowano o: @{variables('time_executive_2')}</p><p class=\"editor-paragraph\">&lt;br&gt;<br>Komentarz Executive Director / Executive Director Comment : @{variables('Comment_2_3')} &lt;br&gt;<br>&lt;br&gt;<br>&lt;br&gt;<br>&lt;strong&gt;Szczegółowy opis wniosku&lt;/strong&gt;/&lt;strong&gt;Detailed description of the request:&lt;/strong&gt;<br>&lt;br&gt;<br>Lokalizacja / Location: @{triggerBody()?['Lokalizacja_x002f_Location']?['Value']}&lt;br&gt;<br>Stanowisko / Position: @{triggerBody()?['Stanowisko']}&lt;br&gt;<br>Praca z osobami niepełnoletnimi / Working with minors: @{triggerBody()?['dziecko_2']?['Value']}&lt;br&gt;<br>Miejsce wykonywania pracy / Place of work: @{triggerBody()?['Miejsce_wykonywania_pracy']}&lt;br&gt;<br>Rodzaj umowy / Type of contract: @{triggerBody()?['Rodzaj_umowy']?['Value']}&lt;br&gt;<br>Planowana data zatrudnienia / Starting date: @{triggerBody()?['Planowana_data_zatrudnienia']}&lt;br&gt;<br>Wymiar etatu / Working time:@{triggerBody()?['Wymiar_etatu']?['Value']}&lt;br&gt;<br>Powód otworzenia wakatu / Reason for vacancy: @{triggerBody()?['Powod_otworzenia_wakatu']}&lt;br&gt;<br>Wysokość wynagrodzenia / Salary: @{triggerBody()?['Wysokosc_wynagrodzenia_brutto']} @{triggerBody()?['Waluta_x002f_Currency']?['Value']}&lt;br&gt;<br>Stawka / Rate: @{triggerBody()?['Stawka_Rate_x003a__x0020_Stawka']?['Value']}&lt;br&gt;<br>Kod zespołu / Team code: @{triggerBody()?['Kod_zespolu']}&lt;br&gt;<br>Kod projektu / Project code: @{triggerBody()?['Kod_projektu']}&lt;br&gt;<br>Źródło finansowania / Source of funding: @{triggerBody()?['Zrodlo_finansowania']}&lt;br&gt;<br>&lt;br&gt;<br><br><br><br><br>Link do elementu: <a href=\"@{outputs('Create_item_copy')?['body/{Link}']}\" class=\"editor-link\">Link do sharepointa</a><br>Pobierz wniosek: <a href=\"@{outputs('Add_attachment_copy')?['body/AbsoluteUri']}\" class=\"editor-link\">Kliknij tutaj</a><br>Link do aplikacji: <a href=\"https://apps.powerapps.com/play/your-app-id" class=\"editor-link\">Aplikacja PowerApps</a></p><p class=\"editor-paragraph\"><br></p><br><br>","emailMessage/Importance":"Normal"},"host":{"apiId":"/providers/Microsoft.PowerApps/apis/shared_office365","connectionName":"shared_office365","operationId":"SendEmailV2"},"authentication":"@parameters('$authentication')"}},"Terminate_copy":{"runAfter":{"Send_an_email_(V2)_copy":["Succeeded"]},"metadata":{"operationMetadataId":"ba821d63-ab00-46cf-9b1a-21cb8b4980be"},"type":"Terminate","inputs":{"runStatus":"Succeeded"}},"Create_file_copy_copy_1":{"runAfter":{"Update_item_9":["Succeeded"]},"metadata":{"operationMetadataId":"8fa3ba36-0f46-4844-9497-d08406632530"},"type":"OpenApiConnection","inputs":{"parameters":{"folderPath":"/","name":"Wniosek_Rekrutacyjny_@{utcNow()}.html","body":"<p>Wnioskujący / Requester:  @{triggerBody()?['Created']}</p>\n<p><strong>Wniosek o rekrutacje został zatwierdzony finansowo przez  / Recruitment request approved  financially by:</strong><br>\n<br>\n@{body('Start_and_wait_for_an_approval_1')?['outcome']}\n<br>\nZaakceptowano o: @{variables('time_financial_2')}\n<br>\nKomentarz finansowy / Financial comment:  @{variables('Comment_2_1')}\n<br>\n<strong>Wniosek o rekrutacje został zatwierdzony przez Country Director / Recruitment request approved by Country Director</strong\n<br>\n@{body('Start_and_wait_for_an_approval_4')?['outcome']}\n<br>\nZaakceptowano o: @{variables('time_cd_2')}\n<br>\nKomentarz Dyrektora Biura Krajowego / Country Director: @{variables('Comment_2_2')}\n<br>\n<strong>Wniosek o rekrutacje został zatwierdzony przez Dyrektora Zarządzającego / Recruitment request approved by Executive Director:</strong\n<br>\n<br>\n@{body('Start_and_wait_for_an_approval_5')?['outcome']}\n<br>\nZaakceptowano o: @{variables('time_executive_2')}\n<br>\nKomentarz Executive Director / Executive Director Comment:  @{variables('Comment_2_3')}\n<br>\n<br>\n<strong>Szczegółowy opis wniosku</strong>/<strong>Detailed description of the request:</strong>\n<br>\nLokalizacja / Location: @{triggerBody()?['Lokalizacja_x002f_Location']?['Value']}<br>\nStanowisko / Position: @{triggerBody()?['Stanowisko']}<br>\nPraca z osobami niepełnoletnimi / Working with minors: @{triggerBody()?['dziecko_2']?['Value']}<br>\nMiejsce wykonywania pracy / Place of work: @{triggerBody()?['Miejsce_wykonywania_pracy']}<br>\nRodzaj umowy / Type of contract: @{triggerBody()?['Rodzaj_umowy']?['Value']}<br>\nPlanowana data zatrudnienia / Starting date: @{triggerBody()?['Planowana_data_zatrudnienia']}<br>\nWymiar etatu / Working time:@{triggerBody()?['Wymiar_etatu']?['Value']}<br>\nPowód otworzenia wakatu / Reason for vacancy: @{triggerBody()?['Powod_otworzenia_wakatu']}<br>\nWysokość wynagrodzenia / Salary:  @{triggerBody()?['Wysokosc_wynagrodzenia_brutto']} @{triggerBody()?['Waluta_x002f_Currency']?['Value']}<br>\nStawka / Rate: @{triggerBody()?['Stawka_Rate_x003a__x0020_Stawka']?['Value']}<br>\nKod zespołu / Team code: @{triggerBody()?['Kod_zespolu']}<br>\nKod projektu / Project code: @{triggerBody()?['Kod_projektu']}<br>\nŹródło finansowania / Source of funding: @{triggerBody()?['Zrodlo_finansowania']}<br>\n<br>\n"},"host":{"apiId":"/providers/Microsoft.PowerApps/apis/shared_onedriveforbusiness","connectionName":"shared_onedriveforbusiness","operationId":"CreateFile"},"authentication":"@parameters('$authentication')"},"runtimeConfiguration":{"contentTransfer":{"transferMode":"Chunked"}}},"Get_item_6":{"metadata":{"operationMetadataId":"a69372a1-9ba2-43b7-a96b-a1d9f482d8fc"},"type":"OpenApiConnection","inputs":{"parameters":{"dataset":"https://contoso.sharepoint.com/sites/ExampleSite","table":"6b8cd2fa-928d-4e28-8d15-1bb9282c5b69","id":"@triggerBody()?['ID']"},"host":{"apiId":"/providers/Microsoft.PowerApps/apis/shared_sharepointonline","connectionName":"shared_sharepointonline","operationId":"GetItem"},"authentication":"@parameters('$authentication')"}}},"runAfter":{"Set_variable_13":["Succeeded"]},"else":{"actions":{"Update_item_4_copy_copy_copy":{"runAfter":{"Get_item_7":["Succeeded"]},"metadata":{"operationMetadataId":"0fb73599-7c8f-4172-8d1d-9a5690825507"},"type":"OpenApiConnection","inputs":{"parameters":{"dataset":"https://contoso.sharepoint.com/sites/ExampleSite","table":"6b8cd2fa-928d-4e28-8d15-1bb9282c5b69","id":"@body('Get_item_7')?['ID']","item/Stanowisko":"@body('Get_item_7')?['Stanowisko']","item/Miejsce_wykonywania_pracy":"@body('Get_item_7')?['Miejsce_wykonywania_pracy']","item/Powod_otworzenia_wakatu":"@body('Get_item_7')?['Powod_otworzenia_wakatu']","item/Wysokosc_wynagrodzenia_brutto":"@body('Get_item_7')?['Wysokosc_wynagrodzenia_brutto']","item/Kod_zespolu":"@body('Get_item_7')?['Kod_zespolu']","item/Kod_projektu":"@body('Get_item_7')?['Kod_projektu']","item/Zrodlo_finansowania":"@body('Get_item_7')?['Zrodlo_finansowania']","item/Komentarz":"@variables('Comment 1')","item/Status/Value":"Creator","item/Startflow":true},"host":{"apiId":"/providers/Microsoft.PowerApps/apis/shared_sharepointonline","connectionName":"shared_sharepointonline","operationId":"PatchItem"},"authentication":"@parameters('$authentication')"}},"Send_an_email_(V2)_2_copy_copy_copy":{"runAfter":{"Update_item_4_copy_copy_copy":["Succeeded"]},"metadata":{"operationMetadataId":"49d5c0b2-4971-44c2-b834-05300f1cf083"},"type":"OpenApiConnection","inputs":{"parameters":{"emailMessage/To":"@triggerBody()?['Author/Email']","emailMessage/Subject":"Brak akceptacji Dyrektora","emailMessage/Body":"<p>komentarz: @{variables('Comment 1')}</p>","emailMessage/Importance":"Normal"},"host":{"apiId":"/providers/Microsoft.PowerApps/apis/shared_office365","connectionName":"shared_office365","operationId":"SendEmailV2"},"authentication":"@parameters('$authentication')"}},"Terminate_2_copy_copy_copy":{"runAfter":{"Send_an_email_(V2)_2_copy_copy_copy":["Succeeded"]},"metadata":{"operationMetadataId":"19c15bb2-7bcb-4bfe-8168-ca4a9c9f9a69"},"type":"Terminate","inputs":{"runStatus":"Cancelled"}},"For_each_2":{"foreach":"@outputs('Start_and_wait_for_an_approval_5')?['body']?['responses']","actions":{"Set_variable_5_copy_copy_copy":{"metadata":{"operationMetadataId":"260d3e0a-e768-4b52-9b53-617fa48b2d58"},"type":"SetVariable","inputs":{"name":"Comment 1","value":"@items('For_each_2')?['comments']"}}},"metadata":{"operationMetadataId":"426759ef-9442-499d-bace-ab3ad3bc6d55"},"type":"Foreach"},"Get_item_7":{"runAfter":{"For_each_2":["Succeeded"]},"metadata":{"operationMetadataId":"056b9f86-0f52-4d3b-90f3-31a5e280543f"},"type":"OpenApiConnection","inputs":{"parameters":{"dataset":"https://contoso.sharepoint.com/sites/ExampleSite","table":"6b8cd2fa-928d-4e28-8d15-1bb9282c5b69","id":"@triggerBody()?['ID']"},"host":{"apiId":"/providers/Microsoft.PowerApps/apis/shared_sharepointonline","connectionName":"shared_sharepointonline","operationId":"GetItem"},"authentication":"@parameters('$authentication')"}}}},"expression":{"and":[{"equals":["@body('Start_and_wait_for_an_approval_5')?['outcome']","Approve"]}]},"metadata":{"operationMetadataId":"2413479f-242d-4d38-b4bc-9977d837f0e1"},"type":"If"},"Start_and_wait_for_an_approval_5":{"runAfter":{"Update_item_8":["Succeeded"]},"metadata":{"operationMetadataId":"762ab6ff-104b-4b14-a178-691178fb66f7"},"type":"OpenApiConnectionWebhook","inputs":{"parameters":{"approvalType":"Basic","WebhookApprovalCreationInput/title":"Wniosek o Rekrutacje / Recruitment Request - Executive Director Approval","WebhookApprovalCreationInput/assignedTo":"@triggerBody()?['Director_Approval']?['Value']","WebhookApprovalCreationInput/details":"Proszę o rozpatrzenie wniosku o rekrutacje / Please consider a recruitment application: \n\nWnioskujący / Requester:@{triggerBody()?['Author']?['Email']}\n\n\nLokalizacja / Location: @{triggerBody()?['Lokalizacja_x002f_Location']?['Value']}\nStanowisko / Position: @{triggerBody()?['Stanowisko']}\nPraca z osobami niepełnoletnimi / Working with minors:@{triggerBody()?['dziecko_2']?['Value']}\nMiejsce wykonywania pracy / Place of work: @{triggerBody()?['Miejsce_wykonywania_pracy']}\nRodzaj umowy / Typ of contract: @{triggerBody()?['Rodzaj_umowy']?['Value']}\nPlanowana data zatrudnienia / Starting date: @{triggerBody()?['Planowana_data_zatrudnienia']}\nWymiar etatu / Working time:@{triggerBody()?['Wymiar_etatu']?['Value']}\nPowód otworzenia wakatu / Reason for vacancy:@{triggerBody()?['Powod_otworzenia_wakatu']}\nWysokość wynagrodzenia / Salary:   @{triggerBody()?['Wysokosc_wynagrodzenia_brutto']} @{triggerBody()?['Waluta_x002f_Currency']?['Value']}\nStawka / Rate:</b> @{triggerBody()?['Stawka_Rate_x003a__x0020_Stawka']?['Value']}\nKod zespołu / Team code: @{triggerBody()?['Kod_zespolu']}\nKod projektu / Project code: @{triggerBody()?['Kod_projektu']}\nŹródło finansowania / Source of funding: @{triggerBody()?['Zrodlo_finansowania']}\n\n\nWniosek o rekrutacje został zatwierdzony finansowo przez / Recruitment requet has been financially approved by: @{triggerBody()?['Financial_Approval']?['Value']}\nKomentarz Finansowy / Financial comment: @{variables('Comment 2')}","WebhookApprovalCreationInput/itemLink":"https://apps.powerapps.com/play/your-app-id","WebhookApprovalCreationInput/enableNotifications":true,"WebhookApprovalCreationInput/enableReassignment":true},"host":{"apiId":"/providers/Microsoft.PowerApps/apis/shared_approvals","connectionName":"shared_approvals","operationId":"StartAndWaitForAnApproval"},"authentication":"@parameters('$authentication')"}},"Update_item_8":{"runAfter":{"Get_item_5":["Succeeded"]},"metadata":{"operationMetadataId":"ecf2b702-c55e-4b43-a63b-48fe901675aa"},"type":"OpenApiConnection","inputs":{"parameters":{"dataset":"https://contoso.sharepoint.com/sites/ExampleSite","table":"6b8cd2fa-928d-4e28-8d15-1bb9282c5b69","id":"@body('Get_item_5')?['ID']","item/Stanowisko":"@body('Get_item_5')?['Stanowisko']","item/Miejsce_wykonywania_pracy":"@body('Get_item_5')?['Miejsce_wykonywania_pracy']","item/Powod_otworzenia_wakatu":"@body('Get_item_5')?['Powod_otworzenia_wakatu']","item/Wysokosc_wynagrodzenia_brutto":"@body('Get_item_5')?['Wysokosc_wynagrodzenia_brutto']","item/Kod_zespolu":"@body('Get_item_5')?['Kod_zespolu']","item/Kod_projektu":"@body('Get_item_5')?['Kod_projektu']","item/Zrodlo_finansowania":"@body('Get_item_5')?['Zrodlo_finansowania']","item/Status/Value":"Waiting for Executive Director","item/Startflow":true},"host":{"apiId":"/providers/Microsoft.PowerApps/apis/shared_sharepointonline","connectionName":"shared_sharepointonline","operationId":"PatchItem"},"authentication":"@parameters('$authentication')"}},"Get_item_5":{"metadata":{"operationMetadataId":"9e5462b5-be04-4fcf-aa1b-5bf59e121e4b"},"type":"OpenApiConnection","inputs":{"parameters":{"dataset":"https://contoso.sharepoint.com/sites/ExampleSite","table":"6b8cd2fa-928d-4e28-8d15-1bb9282c5b69","id":"@triggerBody()?['ID']"},"host":{"apiId":"/providers/Microsoft.PowerApps/apis/shared_sharepointonline","connectionName":"shared_sharepointonline","operationId":"GetItem"},"authentication":"@parameters('$authentication')"}},"Set_variable_13":{"runAfter":{"For_each-copy-copy_1":["Succeeded"]},"metadata":{"operationMetadataId":"d1c446c5-ffa2-48be-9b0d-9b2ba22d84a7"},"type":"SetVariable","inputs":{"name":"time_executive_2","value":"@formatDateTime(utcNow(), 'dd/MM/yyyy hh:mm tt')"}},"For_each-copy-copy_1":{"foreach":"@body('Start_and_wait_for_an_approval_5')?['responses']","actions":{"Set_variable_16":{"metadata":{"operationMetadataId":"de49da1f-56e3-42be-84c4-9fc7ba8b5e37"},"type":"SetVariable","inputs":{"name":"Comment_2_3","value":"@item()?['comments']"}}},"runAfter":{"Start_and_wait_for_an_approval_5":["Succeeded"]},"metadata":{"operationMetadataId":"3cad1d93-183e-4a9a-93c4-d64ae6396774"},"type":"Foreach"}},"runAfter":{"Set_variable_12":["Succeeded"]},"else":{"actions":{"Update_item_4_copy_copy":{"runAfter":{"Get_item_8":["Succeeded"]},"metadata":{"operationMetadataId":"0fb73599-7c8f-4172-8d1d-9a5690825507"},"type":"OpenApiConnection","inputs":{"parameters":{"dataset":"https://contoso.sharepoint.com/sites/ExampleSite","table":"6b8cd2fa-928d-4e28-8d15-1bb9282c5b69","id":"@body('Get_item_8')?['ID']","item/Stanowisko":"@body('Get_item_8')?['Stanowisko']","item/Miejsce_wykonywania_pracy":"@body('Get_item_8')?['Miejsce_wykonywania_pracy']","item/Powod_otworzenia_wakatu":"@body('Get_item_8')?['Powod_otworzenia_wakatu']","item/Wysokosc_wynagrodzenia_brutto":"@body('Get_item_8')?['Wysokosc_wynagrodzenia_brutto']","item/Kod_zespolu":"@body('Get_item_8')?['Kod_zespolu']","item/Kod_projektu":"@body('Get_item_8')?['Kod_projektu']","item/Zrodlo_finansowania":"@body('Get_item_8')?['Zrodlo_finansowania']","item/Komentarz":"@variables('Comment 1')","item/Status/Value":"Creator","item/Startflow":true},"host":{"apiId":"/providers/Microsoft.PowerApps/apis/shared_sharepointonline","connectionName":"shared_sharepointonline","operationId":"PatchItem"},"authentication":"@parameters('$authentication')"}},"Send_an_email_(V2)_2_copy_copy":{"runAfter":{"Update_item_4_copy_copy":["Succeeded"]},"metadata":{"operationMetadataId":"49d5c0b2-4971-44c2-b834-05300f1cf083"},"type":"OpenApiConnection","inputs":{"parameters":{"emailMessage/To":"@triggerBody()?['Author/Email']","emailMessage/Subject":"Brak akceptacji Country Director","emailMessage/Body":"<p>komentarz: @{variables('Comment 1')}</p>","emailMessage/Importance":"Normal"},"host":{"apiId":"/providers/Microsoft.PowerApps/apis/shared_office365","connectionName":"shared_office365","operationId":"SendEmailV2"},"authentication":"@parameters('$authentication')"}},"Terminate_2_copy_copy":{"runAfter":{"Send_an_email_(V2)_2_copy_copy":["Succeeded"]},"metadata":{"operationMetadataId":"19c15bb2-7bcb-4bfe-8168-ca4a9c9f9a69"},"type":"Terminate","inputs":{"runStatus":"Cancelled"}},"For_each_1":{"foreach":"@outputs('Start_and_wait_for_an_approval_4')?['body']?['responses']","actions":{"Set_variable_1":{"metadata":{"operationMetadataId":"8e2a91c5-7c56-4dec-9c54-bec1a50e462b"},"type":"SetVariable","inputs":{"name":"Comment 1","value":"@items('For_each_1')?['comments']"}}},"metadata":{"operationMetadataId":"f5665004-ad18-4f3b-b3cf-290848739634"},"type":"Foreach"},"Get_item_8":{"runAfter":{"For_each_1":["Succeeded"]},"metadata":{"operationMetadataId":"ba614226-4db2-42bf-852d-6d922165ea81"},"type":"OpenApiConnection","inputs":{"parameters":{"dataset":"https://contoso.sharepoint.com/sites/ExampleSite","table":"6b8cd2fa-928d-4e28-8d15-1bb9282c5b69","id":"@triggerBody()?['ID']"},"host":{"apiId":"/providers/Microsoft.PowerApps/apis/shared_sharepointonline","connectionName":"shared_sharepointonline","operationId":"GetItem"},"authentication":"@parameters('$authentication')"}}}},"expression":{"and":[{"equals":["@body('Start_and_wait_for_an_approval_4')?['outcome']","Approve"]}]},"metadata":{"operationMetadataId":"cd051173-3bb2-4db2-98bb-7767ecebcbe1"},"type":"If"},"Update_item_1":{"runAfter":{"Get_item_4":["Succeeded"]},"metadata":{"operationMetadataId":"b699ba96-9aba-4a23-af30-d5fce96e4d3d"},"type":"OpenApiConnection","inputs":{"parameters":{"dataset":"https://contoso.sharepoint.com/sites/ExampleSite","table":"6b8cd2fa-928d-4e28-8d15-1bb9282c5b69","id":"@body('Get_item_4')?['ID']","item/Stanowisko":"@body('Get_item_4')?['Stanowisko']","item/Miejsce_wykonywania_pracy":"@body('Get_item_4')?['Miejsce_wykonywania_pracy']","item/Powod_otworzenia_wakatu":"@body('Get_item_4')?['Powod_otworzenia_wakatu']","item/Wysokosc_wynagrodzenia_brutto":"@body('Get_item_4')?['Wysokosc_wynagrodzenia_brutto']","item/Kod_zespolu":"@body('Get_item_4')?['Kod_zespolu']","item/Kod_projektu":"@body('Get_item_4')?['Kod_projektu']","item/Zrodlo_finansowania":"@body('Get_item_4')?['Zrodlo_finansowania']","item/Status/Value":"Waiting for Country Director Approval","item/Startflow":true},"host":{"apiId":"/providers/Microsoft.PowerApps/apis/shared_sharepointonline","connectionName":"shared_sharepointonline","operationId":"PatchItem"},"authentication":"@parameters('$authentication')"}},"Get_item_4":{"metadata":{"operationMetadataId":"e9626602-bfea-4562-8305-fb7a21119d08"},"type":"OpenApiConnection","inputs":{"parameters":{"dataset":"https://contoso.sharepoint.com/sites/ExampleSite","table":"6b8cd2fa-928d-4e28-8d15-1bb9282c5b69","id":"@triggerBody()?['ID']"},"host":{"apiId":"/providers/Microsoft.PowerApps/apis/shared_sharepointonline","connectionName":"shared_sharepointonline","operationId":"GetItem"},"authentication":"@parameters('$authentication')"}},"Set_variable_12":{"runAfter":{"For_each-copy-copy":["Succeeded"]},"metadata":{"operationMetadataId":"36ec2365-1642-4818-8bad-0e7392f54d65"},"type":"SetVariable","inputs":{"name":"time_cd_2","value":"@formatDateTime(utcNow(), 'dd/MM/yyyy hh:mm tt')"}},"For_each-copy-copy":{"foreach":"@body('Start_and_wait_for_an_approval_4')?['responses']","actions":{"Set_variable_15":{"metadata":{"operationMetadataId":"d0d396cb-5cb1-46b6-9117-3ab57440f017"},"type":"SetVariable","inputs":{"name":"Comment_2_2","value":"@item()?['comments']"}}},"runAfter":{"Start_and_wait_for_an_approval_4":["Succeeded"]},"metadata":{"operationMetadataId":"936dbe2a-1301-410e-b8da-0bd2ac39ffe0"},"type":"Foreach"}},"runAfter":{"Set_variable_11":["Succeeded"]},"else":{"actions":{"Update_item_4_copy":{"runAfter":{"Get_item_9":["Succeeded"]},"metadata":{"operationMetadataId":"0fb73599-7c8f-4172-8d1d-9a5690825507"},"type":"OpenApiConnection","inputs":{"parameters":{"dataset":"https://contoso.sharepoint.com/sites/ExampleSite","table":"6b8cd2fa-928d-4e28-8d15-1bb9282c5b69","id":"@body('Get_item_9')?['ID']","item/Stanowisko":"@body('Get_item_9')?['Stanowisko']","item/Miejsce_wykonywania_pracy":"@body('Get_item_9')?['Miejsce_wykonywania_pracy']","item/Powod_otworzenia_wakatu":"@body('Get_item_9')?['Powod_otworzenia_wakatu']","item/Wysokosc_wynagrodzenia_brutto":"@body('Get_item_9')?['Wysokosc_wynagrodzenia_brutto']","item/Kod_zespolu":"@body('Get_item_9')?['Kod_zespolu']","item/Kod_projektu":"@body('Get_item_9')?['Kod_projektu']","item/Zrodlo_finansowania":"@body('Get_item_9')?['Zrodlo_finansowania']","item/Komentarz":"@variables('Comment 1')","item/Status/Value":"Creator","item/Startflow":true},"host":{"apiId":"/providers/Microsoft.PowerApps/apis/shared_sharepointonline","connectionName":"shared_sharepointonline","operationId":"PatchItem"},"authentication":"@parameters('$authentication')"}},"Send_an_email_(V2)_2_copy":{"runAfter":{"Update_item_4_copy":["Succeeded"]},"metadata":{"operationMetadataId":"49d5c0b2-4971-44c2-b834-05300f1cf083"},"type":"OpenApiConnection","inputs":{"parameters":{"emailMessage/To":"@triggerBody()?['Author/Email']","emailMessage/Subject":"Brak akceptacji finansowej","emailMessage/Body":"<p>komentarz: @{variables('Comment 1')}</p>","emailMessage/Importance":"Normal"},"host":{"apiId":"/providers/Microsoft.PowerApps/apis/shared_office365","connectionName":"shared_office365","operationId":"SendEmailV2"},"authentication":"@parameters('$authentication')"}},"Terminate_2_copy":{"runAfter":{"Send_an_email_(V2)_2_copy":["Succeeded"]},"metadata":{"operationMetadataId":"19c15bb2-7bcb-4bfe-8168-ca4a9c9f9a69"},"type":"Terminate","inputs":{"runStatus":"Cancelled"}},"For_each":{"foreach":"@outputs('Start_and_wait_for_an_approval_1')?['body']?['responses']","actions":{"Set_variable":{"metadata":{"operationMetadataId":"b366b168-0f4f-4e5c-9edd-b4fa3738c52c"},"type":"SetVariable","inputs":{"name":"Comment 1","value":"@items('For_each')?['comments']"}}},"metadata":{"operationMetadataId":"936dbe2a-1301-410e-b8da-0bd2ac39ffe0"},"type":"Foreach"},"Get_item_9":{"runAfter":{"For_each":["Succeeded"]},"metadata":{"operationMetadataId":"7d22051c-69f1-4d39-a374-a36cdefff76e"},"type":"OpenApiConnection","inputs":{"parameters":{"dataset":"https://contoso.sharepoint.com/sites/ExampleSite","table":"6b8cd2fa-928d-4e28-8d15-1bb9282c5b69","id":"@triggerBody()?['ID']"},"host":{"apiId":"/providers/Microsoft.PowerApps/apis/shared_sharepointonline","connectionName":"shared_sharepointonline","operationId":"GetItem"},"authentication":"@parameters('$authentication')"}}}},"expression":{"and":[{"equals":["@body('Start_and_wait_for_an_approval_1')?['outcome']","Approve"]}]},"metadata":{"operationMetadataId":"fcbe0634-eefc-4fae-a655-d0d47d96a3ff"},"type":"If"},"Start_and_wait_for_an_approval_1":{"runAfter":{"Update_item_copy":["Succeeded"]},"metadata":{"operationMetadataId":"5837cf93-5d71-415c-bb05-05aac5993629"},"type":"OpenApiConnectionWebhook","inputs":{"parameters":{"approvalType":"Basic","WebhookApprovalCreationInput/title":"Wniosek o Rekrutacje / Recruitment Request - Financial Approval","WebhookApprovalCreationInput/assignedTo":"@{triggerOutputs()?['body/Financial_Approval/Value']};","WebhookApprovalCreationInput/details":"Proszę o rozpatrzenie wniosku o rekrutacje pod kątem finansowym / Please find recruitment request for financial review and  approval:\n\nWnioskujący / Requester: @{triggerBody()?['Author']?['Email']}\n\nLokalizacja / Location:  @{triggerBody()?['Lokalizacja_x002f_Location']?['Value']}\nStanowisko / Position:  @{triggerBody()?['Stanowisko']}\nPraca z osobami niepełnoletnimi / Working with minors:  @{triggerBody()?['dziecko_2']?['Value']}\nMiejsce wykonywania pracy / Place of work:  @{triggerBody()?['Miejsce_wykonywania_pracy']}\nRodzaj umowy / Type of contract:  @{triggerBody()?['Rodzaj_umowy']?['Value']}\nPlanowana data zatrudnienia / Starting date:  @{triggerBody()?['Planowana_data_zatrudnienia']}\nWymiar Etatu / Working time:  @{triggerBody()?['Wymiar_etatu']?['Value']}\nPowód otworzenia wakatu  / Reason for vacancy:  @{triggerBody()?['Powod_otworzenia_wakatu']}\nWysokość wynagrodzenia / Salary:   @{triggerBody()?['Wysokosc_wynagrodzenia_brutto']} @{triggerBody()?['Waluta_x002f_Currency']?['Value']}\nStawka / Rate:</b>  @{triggerBody()?['Stawka_Rate_x003a__x0020_Stawka']?['Value']}\nKod zespołu / Team code:  @{triggerBody()?['Kod_zespolu']}\nKod projektu / Project code:  @{triggerBody()?['Kod_projektu']}\nŹródło finansowania / Soruce of funding:  @{triggerBody()?['Zrodlo_finansowania']}\n\n\n","WebhookApprovalCreationInput/itemLink":"https://apps.powerapps.com/play/your-app-id","WebhookApprovalCreationInput/enableNotifications":true,"WebhookApprovalCreationInput/enableReassignment":true},"host":{"apiId":"/providers/Microsoft.PowerApps/apis/shared_approvals","connectionName":"shared_approvals","operationId":"StartAndWaitForAnApproval"},"authentication":"@parameters('$authentication')"}},"Set_variable_11":{"runAfter":{"For_each-copy":["Succeeded"]},"metadata":{"operationMetadataId":"0da86280-0ccd-4c0e-9baf-865e0fe666d2"},"type":"SetVariable","inputs":{"name":"time_financial_2","value":"@formatDateTime(utcNow(), 'dd/MM/yyyy hh:mm tt')"}},"For_each-copy":{"foreach":"@body('Start_and_wait_for_an_approval_1')?['responses']","actions":{"Set_variable_14":{"metadata":{"operationMetadataId":"d589bcd0-caf4-42ed-a504-6ca6b3f6d1fa"},"type":"SetVariable","inputs":{"name":"Comment_2_1","value":"@item()?['comments']"}}},"runAfter":{"Start_and_wait_for_an_approval_1":["Succeeded"]},"metadata":{"operationMetadataId":"936dbe2a-1301-410e-b8da-0bd2ac39ffe0"},"type":"Foreach"}}},"expression":{"equals":["@triggerOutputs()?['body/Lokalizacja_x002f_Location/Value']","HQ"]},"metadata":{"operationMetadataId":"4f5f8458-ba48-492a-8c23-ca7fdcdd4f3e"},"type":"If"}}},"connectionReferences":{"shared_sharepointonline":{"connectionName":"9d83f36b82c74a45b115ab97ae784585","source":"Embedded","id":"/providers/Microsoft.PowerApps/apis/shared_sharepointonline","tier":"NotSpecified","apiName":"sharepointonline"},"shared_approvals":{"connectionName":"shared-approvals-e59aa2c9-1f6c-4caa-b4db-76c880121d89","source":"Embedded","id":"/providers/Microsoft.PowerApps/apis/shared_approvals","tier":"NotSpecified","apiName":"approvals"},"shared_office365":{"connectionName":"shared-office365-f2b55b9a-004c-423d-92c1-66e3a5a092db","source":"Embedded","id":"/providers/Microsoft.PowerApps/apis/shared_office365","tier":"NotSpecified","apiName":"office365"},"shared_onedriveforbusiness":{"connectionName":"58c1c6918fc1492dac03e34a625745d6","source":"Embedded","id":"/providers/Microsoft.PowerApps/apis/shared_onedriveforbusiness","tier":"NotSpecified","apiName":"onedriveforbusiness"}},"flowFailureAlertSubscribed":false,"isManaged":false}}